species,vietnamese_name,cites_status,heartwood_sapwood_distinction,heartwood_color,growth_rings,stripe_figure,characteristic_scent,porosity,vessel_arrangement,vessel_size_class,tyloses,vessel_deposits,axial_parenchyma_type,parenchyma_ray_pattern,storied_rays,physical_density
Afzelia africana,Gõ Douse (Gõ Doussié),CITES Appendix II,Distinct,Pinkish-brown to reddish-brown,Distinct,Subtle,Non-distinct,Diffuse-porous,Solitary and short radial multiples,Medium to large,Absent,White and yellow deposits,Winged lozenge-aliform to confluent,Aliform sheaths,Present,Hard and heavy
Afzelia bella,Papao-Nua / Gỗ Gõ,CITES Appendix II,Distinct,Pinkish-brown to reddish-brown,Distinct,Absent,Non-distinct,Diffuse-porous,Solitary and short radial multiples,Medium to large,Absent,White deposits,Long-winged aliform,Aliform sheaths,Present,Hard and moderately heavy
Afzelia pachyloba,Gõ Pachy,CITES Appendix II,Distinct,Golden-brown to pale reddish-brown,Distinct,Absent,Non-distinct,Diffuse-porous,Solitary and short radial multiples,Large,Absent,White deposits,Winged lozenge-aliform,Aliform sheaths,Present,Hard and heavy
Afzelia quanzensis,Gõ Quanzensis,CITES Appendix II,Distinct,Reddish-brown,Distinct,Subtle,Non-distinct,Diffuse-porous,Solitary and short radial multiples,Large,Absent,White and dark deposits,Winged lozenge-aliform to confluent,Aliform sheaths,Present,Hard and heavy
Dalbergia cochinchinensis,Trắc (Rosewood),CITES Appendix II,Distinct,Deep reddish-brown to dark brown with black streaks,Distinct,Prominent,Strong characteristic rosewood scent,Diffuse-porous,Solitary and short radial multiples,Medium,Present,Dark reddish-black gum deposits,Wavy tangential bands and narrow aliform,Reticulate with rays,Present,Extremely hard and heavy
Dalbergia melanoxylon,Trắc châu Phi,CITES Appendix II,Distinct,Dark purplish-grey to ebony-black,Distinct,Present,Distinct characteristic scent,Diffuse-porous,Solitary and short radial multiples,Small,Present,Dark organic polyphenolic deposits,Irregular paratracheal and discontinuous tangential bands,Reticulate and banded,Present,Extremely hard and heavy
Dalbergia oliveri,Cẩm lai (Burmese Rosewood),CITES Appendix II,Distinct,Orange-pink to reddish-brown with dark streaks,Distinct,Prominent,Pleasant fragrant scent,Diffuse-porous,Solitary and short radial multiples,Small to medium,Present,Dark reddish gum deposits,Wavy concentric tangential bands,Reticulate with rays,Present,Very hard and heavy
Dalbergia rimosa,Trắc dây,Non-CITES,Distinct,Pinkish-brown to reddish-brown,Distinct,Present,Distinct characteristic scent,Semi-ring-porous,Solitary and short radial multiples,Small,Present,White deposits,Long-winged aliform and discontinuous tangential bands,Marginal and banded,Present,Hard and heavy
Dalbergia tonkinensis,Sưa,CITES Appendix II,Distinct,Reddish-brown to purple-brown,Distinct,Present,Fragrant sweet aroma,Diffuse-porous,Solitary and short radial multiples,Medium,Present,Dark gum deposits,Narrow confluent bands and wavy tangential lines,Reticulate,Present,Hard and heavy
Guibourtia arnoldiana,Gỗ Muntenye,Non-CITES,Distinct,Yellowish-brown to bronze with dark veins,Distinct,Present,Non-distinct,Diffuse-porous,Solitary and short radial multiples,Medium,Present,Dark and white deposits,Winged aliform and continuous marginal bands,Scalariform and trapezoidal,Present,Hard and heavy
Guibourtia coleosperma,Mussivi / Hương đá,Non-CITES,Distinct,Pinkish-red to golden reddish-brown,Distinct,Subtle,Faint pleasant scent,Diffuse-porous,Solitary and short radial multiples,Medium,Present,Dark reddish deposits,Winged aliform to confluent,Reticulate,Present,Hard and moderately heavy
Guibourtia ehie,Hyedua,Non-CITES,Distinct,Light yellowish-brown with dark brown stripes,Distinct,Distinct zebra stripes,Non-distinct,Diffuse-porous,Solitary and short radial multiples,Medium,Present,White deposits,Long-winged aliform to confluent,Scalariform and trapezoidal,Present,Hard and heavy
Peltogyne pubescens,Hương tím nam mỹ,Non-CITES,Distinct,Striking purple to violet-brown,Distinct to faint,Present,Faint pleasant scent,Diffuse-porous,Solitary and short radial multiples,Small to medium,Absent,Purple-brown polyphenolic extractives,Narrow vasicentric to aliform,Fine reticulate,Present,Very hard and heavy
Pterocarpus erinaceus,Hương vân tây phi,CITES Appendix II,Distinct,Dark yellow-brown to reddish-brown with dark streaks,Distinct,Present,Faint pleasant scent,Diffuse-porous to semi-ring-porous,Solitary and short radial multiples,Medium to large,Present,Dark reddish gum deposits,Concentric wavy tangential bands,Reticulate,Present,Hard and heavy
Pterocarpus indicus,Hương mắt chim,Non-CITES,Distinct,Pinkish-brown to reddish-brown,Distinct,Present,Distinct characteristic scent,Diffuse-porous,Solitary and short radial multiples (two distinct sizes),Two distinct size classes,Absent or sparse,White and dark deposits,Vasicentric to continuous tangential bands,Reticulate to scalariform,Present,Hard and heavy
Pterocarpus macrocarpus,Hương quả to,Non-CITES,Distinct,Bright yellowish-red to brick-red,Distinct,Present,Fragrant aromatic scent,Diffuse-porous to semi-ring-porous,Solitary and short radial multiples,Medium to large,Present,Dark and white deposits,Concentric wavy tangential bands,Reticulate,Present,Hard and heavy
Pterocarpus soyauxii,Padouk / Hương padouk,Non-CITES,Distinct,Vibrant coral-red to reddish-brown,Distinct,Present,Faint aromatic scent,Diffuse-porous,Solitary and short radial multiples,Large,Present,Dark orange-red extractives,Broad wavy tangential bands,Banded and reticulate,Present,Hard and heavy
Sindora cochinchinensis,Gụ,Non-CITES,Distinct,Dark brown to yellowish-brown with dark stripes,Distinct,Present,Distinct resinous aroma,Diffuse-porous,Solitary and short radial multiples,Medium to large,Present,Dark gum and white deposits,Narrow aliform and continuous marginal bands with resin canals,Scalariform and trapezoidal,Present,Hard and heavy
Sindora tonkinensis,Gụ lau,Non-CITES,Distinct,Pinkish-brown to reddish-brown,Distinct,Present,Distinct characteristic scent,Diffuse-porous,Solitary and short radial multiples,Medium to large,Present,White deposits,Long-winged aliform and continuous marginal bands with resin canals,Scalariform and trapezoidal,Present,Hard and heavy
